Model,Accuracy,Precision,Recall,F1-Score,ROC-AUC
Logistic Regression (Baseline),0.7994323557237465,0.6716417910447762,0.4804270462633452,0.5601659751037344,0.8434989177092123
Random Forest (Full),0.793755912961211,0.6507177033492823,0.48398576512455516,0.5551020408163265,0.8347030120702938
Gradient Boosting (Full),0.8013245033112583,0.6748768472906403,0.4875444839857651,0.5661157024793388,0.8390252962541732
Gradient Boosting (Reduced - Top 5),0.7890255439924314,0.6435643564356436,0.4626334519572954,0.5383022774327122,0.8258612466522361
