Model,Accuracy,Precision,Recall,F1-Score,ROC-AUC
Logistic Regression (SMOTE),0.7573739295908658,0.5265700483091788,0.7870036101083032,0.6309696092619392,0.8474752562990326
Random Forest (SMOTE),0.7659372026641293,0.5388471177944862,0.776173285198556,0.636094674556213,0.8534174759092901
Gradient Boosting (SMOTE),0.768791627021884,0.5412621359223301,0.8050541516245487,0.6473149492017417,0.8557216018806144
KNN (SMOTE),0.7297811607992388,0.4922048997772829,0.7978339350180506,0.6088154269972452,0.8302736032985382
SVM (SMOTE),0.7630827783063748,0.535175879396985,0.7689530685920578,0.6311111111111111,0.8470228267054729
XGBoost (SMOTE),0.7488106565176023,0.5149425287356322,0.8086642599277978,0.6292134831460674,0.8324657879271261
Gradient Boosting Reduced (Top 5),0.7373929590865842,0.501123595505618,0.8050541516245487,0.6177285318559557,0.8439094581106166
