Model,Accuracy,Precision,Recall,F1-Score,ROC-AUC
logistic_regression,0.7994323557237465,0.6716417910447762,0.4804270462633452,0.5601659751037344,0.8434989177092123
random_forest,0.8013245033112583,0.6802030456852792,0.47686832740213525,0.5606694560669456,0.8363746010199214
gradient_boosting,0.7965941343424787,0.6601941747572816,0.48398576512455516,0.5585215605749486,0.8319949921121179
